timestamp,soc_percent,watts_in,watts_out,extra_battery_soc_percent,extra_battery_watts_in,extra_battery_watts_out,pv1_watts,pv2_watts
2026-09-24T09:08:24.634103+00:00,100.0,0.0,0.0,64.0,25.0,0.0,0.0,0.0
2026-09-24T10:25:42.988799+00:00,100.0,0.0,0.0,64.0,25.0,0.0,0.0,0.0
2026-09-24T10:34:03.339781+00:00,100.0,0.0,0.0,64.0,25.0,0.0,0.0,0.0
2026-09-24T10:49:03.533203+00:00,100.0,0.0,0.0,64.0,25.0,0.0,0.0,0.0
2026-09-24T11:04:52.998599+00:00,100.0,0.0,0.0,64.0,25.0,0.0,0.0,0.0
2026-09-24T11:20:21.841258+00:00,100.0,0.0,0.0,64.0,25.0,0.0,0.0,0.0
2026-09-24T11:34:00.636733+00:00,100.0,0.0,0.0,64.0,25.0,0.0,0.0,0.0
2026-09-24T11:49:14.801097+00:00,100.0,0.0,0.0,64.0,25.0,0.0,0.0,0.0
2026-09-24T12:05:07.292209+00:00,100.0,0.0,0.0,64.0,25.0,0.0,0.0,0.0
2026-09-24T12:19:58.018048+00:00,100.0,0.0,0.0,64.0,25.0,0.0,0.0,0.0
2026-09-24T12:34:05.628570+00:00,100.0,0.0,0.0,64.0,25.0,0.0,0.0,0.0
2026-09-24T12:48:48.735578+00:00,100.0,0.0,0.0,64.0,25.0,0.0,0.0,0.0
2026-09-24T13:05:09.995819+00:00,100.0,0.0,0.0,64.0,25.0,0.0,0.0,0.0
2026-09-24T13:20:23.092708+00:00,100.0,0.0,0.0,64.0,25.0,0.0,0.0,0.0
2026-09-24T13:34:40.350894+00:00,100.0,0.0,0.0,64.0,25.0,0.0,0.0,0.0
2026-09-24T13:49:30.453612+00:00,100.0,0.0,0.0,64.0,25.0,0.0,0.0,0.0
2026-09-24T14:05:06.439667+00:00,100.0,0.0,0.0,64.0,25.0,0.0,0.0,0.0
2026-09-24T14:21:05.498776+00:00,100.0,0.0,0.0,64.0,25.0,0.0,0.0,0.0
2026-09-24T14:25:09.918309+00:00,100.0,0.0,0.0,64.0,25.0,0.0,0.0,0.0
2026-09-24T14:27:21.267841+00:00,100.0,0.0,0.0,64.0,25.0,0.0,0.0,0.0
2026-09-24T14:30:15.287893+00:00,100.0,0.0,0.0,100.0,0.0,0.0,0.0,0.0
2026-09-24T14:34:09.946030+00:00,100.0,0.0,0.0,100.0,0.0,0.0,0.0,0.0
2026-09-24T14:41:50.388034+00:00,100.0,0.0,0.0,100.0,0.0,0.0,0.0,0.0
2026-09-24T14:49:21.321379+00:00,100.0,0.0,0.0,100.0,0.0,0.0,0.0,0.0
2026-09-24T15:04:29.924000+00:00,100.0,0.0,0.0,100.0,0.0,0.0,0.0,0.0
2026-09-24T15:19:23.215071+00:00,100.0,0.0,0.0,100.0,0.0,0.0,0.0,0.0
2026-09-24T15:44:33.739120+00:00,5.0,251.0,43.0,4.0,44.0,0.0,138.0,111.0
2026-09-24T15:48:47.632861+00:00,5.0,251.0,43.0,4.0,44.0,0.0,138.0,111.0
2026-09-24T15:56:26.763774+00:00,100.0,0.0,0.0,100.0,0.0,0.0,0.0,0.0
2026-09-24T16:04:32.063610+00:00,100.0,0.0,0.0,100.0,0.0,0.0,0.0,0.0
2026-09-24T16:19:26.322165+00:00,100.0,0.0,0.0,100.0,0.0,0.0,0.0,0.0
2026-09-24T16:34:13.981709+00:00,100.0,0.0,0.0,100.0,0.0,0.0,0.0,0.0
2026-09-24T16:49:22.508655+00:00,100.0,0.0,0.0,100.0,0.0,0.0,0.0,0.0
2026-09-24T17:04:24.577662+00:00,100.0,0.0,0.0,100.0,0.0,0.0,0.0,0.0
2026-09-24T17:19:27.131334+00:00,100.0,0.0,0.0,100.0,0.0,0.0,0.0,0.0
2026-09-24T17:33:52.593248+00:00,100.0,0.0,0.0,100.0,0.0,0.0,0.0,0.0
2026-09-24T17:49:05.564979+00:00,100.0,0.0,0.0,100.0,0.0,0.0,0.0,0.0
2026-09-24T18:04:23.260068+00:00,100.0,0.0,0.0,100.0,0.0,0.0,0.0,0.0
2026-09-24T18:19:08.573386+00:00,100.0,0.0,0.0,100.0,0.0,0.0,0.0,0.0
2026-09-24T18:34:16.102943+00:00,100.0,0.0,0.0,100.0,0.0,0.0,0.0,0.0
2026-09-24T18:49:09.992400+00:00,100.0,0.0,0.0,100.0,0.0,0.0,0.0,0.0
2026-09-24T19:04:31.031860+00:00,100.0,0.0,0.0,100.0,0.0,0.0,0.0,0.0
2026-09-24T19:18:43.810812+00:00,100.0,0.0,0.0,100.0,0.0,0.0,0.0,0.0
2026-09-24T19:34:10.776629+00:00,100.0,0.0,0.0,100.0,0.0,0.0,0.0,0.0
2026-09-24T19:49:15.616516+00:00,100.0,0.0,0.0,100.0,0.0,0.0,0.0,0.0
2026-09-24T20:04:20.926674+00:00,100.0,0.0,0.0,100.0,0.0,0.0,0.0,0.0
2026-09-24T20:19:29.003912+00:00,100.0,0.0,0.0,100.0,0.0,0.0,0.0,0.0
2026-09-24T20:34:01.759402+00:00,100.0,0.0,0.0,100.0,0.0,0.0,0.0,0.0
2026-09-24T20:49:20.918954+00:00,100.0,0.0,0.0,100.0,0.0,0.0,0.0,0.0
2026-09-24T21:04:13.295640+00:00,100.0,0.0,0.0,100.0,0.0,0.0,0.0,0.0
2026-09-24T21:19:15.312822+00:00,100.0,0.0,0.0,100.0,0.0,0.0,0.0,0.0
2026-09-24T21:33:44.977703+00:00,100.0,0.0,0.0,100.0,0.0,0.0,0.0,0.0
2026-09-24T21:49:25.553738+00:00,100.0,0.0,0.0,100.0,0.0,0.0,0.0,0.0
2026-09-24T22:04:54.174795+00:00,100.0,0.0,0.0,100.0,0.0,0.0,0.0,0.0
2026-09-24T22:19:39.582748+00:00,100.0,0.0,0.0,100.0,0.0,0.0,0.0,0.0
2026-09-24T22:34:19.516907+00:00,100.0,0.0,0.0,100.0,0.0,0.0,0.0,0.0
2026-09-24T22:48:59.661791+00:00,100.0,0.0,0.0,100.0,0.0,0.0,0.0,0.0
2026-09-24T23:04:18.763523+00:00,100.0,0.0,0.0,100.0,0.0,0.0,0.0,0.0
2026-09-24T23:20:44.838877+00:00,100.0,0.0,0.0,100.0,0.0,0.0,0.0,0.0
2026-09-24T23:34:23.296623+00:00,100.0,0.0,0.0,100.0,0.0,0.0,0.0,0.0
2026-09-24T23:48:59.432838+00:00,100.0,0.0,0.0,100.0,0.0,0.0,0.0,0.0
2026-09-25T00:04:31.141050+00:00,100.0,0.0,0.0,100.0,0.0,0.0,0.0,0.0
2026-09-25T00:18:51.840142+00:00,100.0,0.0,0.0,100.0,0.0,0.0,0.0,0.0
2026-09-25T00:34:04.132780+00:00,100.0,0.0,0.0,100.0,0.0,0.0,0.0,0.0
2026-09-25T00:49:31.431605+00:00,100.0,0.0,0.0,100.0,0.0,0.0,0.0,0.0
2026-09-25T01:04:16.233339+00:00,100.0,0.0,0.0,100.0,0.0,0.0,0.0,0.0
2026-09-25T01:19:23.817372+00:00,100.0,0.0,0.0,100.0,0.0,0.0,0.0,0.0
2026-09-25T01:34:03.949854+00:00,100.0,0.0,0.0,100.0,0.0,0.0,0.0,0.0
2026-09-25T01:49:00.488339+00:00,100.0,0.0,0.0,100.0,0.0,0.0,0.0,0.0
2026-09-25T02:05:00.127752+00:00,100.0,0.0,0.0,100.0,0.0,0.0,0.0,0.0
2026-09-25T02:19:28.694651+00:00,100.0,0.0,0.0,100.0,0.0,0.0,0.0,0.0
2026-09-25T02:34:05.689581+00:00,100.0,0.0,0.0,100.0,0.0,0.0,0.0,0.0
2026-09-25T02:49:00.884979+00:00,100.0,0.0,0.0,100.0,0.0,0.0,0.0,0.0
2026-09-25T03:04:27.711931+00:00,100.0,0.0,0.0,100.0,0.0,0.0,0.0,0.0
2026-09-25T03:18:57.057137+00:00,100.0,0.0,0.0,100.0,0.0,0.0,0.0,0.0
2026-09-25T03:33:52.949708+00:00,100.0,0.0,0.0,100.0,0.0,0.0,0.0,0.0
2026-09-25T03:48:50.922521+00:00,100.0,0.0,0.0,100.0,0.0,0.0,0.0,0.0
2026-09-25T04:04:08.833075+00:00,100.0,0.0,0.0,100.0,0.0,0.0,0.0,0.0
2026-09-25T04:19:06.347260+00:00,100.0,0.0,0.0,100.0,0.0,0.0,0.0,0.0
2026-09-25T04:34:25.132054+00:00,100.0,0.0,0.0,100.0,0.0,0.0,0.0,0.0
2026-09-25T04:48:43.828673+00:00,100.0,0.0,0.0,100.0,0.0,0.0,0.0,0.0
2026-09-25T05:04:52.430878+00:00,100.0,0.0,0.0,100.0,0.0,0.0,0.0,0.0
2026-09-25T05:19:20.461147+00:00,100.0,0.0,0.0,100.0,0.0,0.0,0.0,0.0
2026-09-25T05:34:00.638211+00:00,100.0,0.0,0.0,100.0,0.0,0.0,0.0,0.0
2026-09-25T05:49:02.655955+00:00,100.0,0.0,0.0,100.0,0.0,0.0,0.0,0.0
2026-09-25T06:05:00.092993+00:00,100.0,0.0,0.0,100.0,0.0,0.0,0.0,0.0
2026-09-25T06:19:43.197559+00:00,100.0,0.0,0.0,100.0,0.0,0.0,0.0,0.0
2026-09-25T06:34:11.392007+00:00,100.0,0.0,0.0,100.0,0.0,0.0,0.0,0.0
2026-09-25T06:49:01.341337+00:00,100.0,0.0,0.0,100.0,0.0,0.0,0.0,0.0
2026-09-25T07:04:50.579470+00:00,100.0,0.0,0.0,100.0,0.0,0.0,0.0,0.0
2026-09-25T07:20:09.402918+00:00,100.0,0.0,0.0,100.0,0.0,0.0,0.0,0.0
2026-09-25T07:34:18.104060+00:00,100.0,0.0,0.0,100.0,0.0,0.0,0.0,0.0
2026-09-25T07:49:21.742615+00:00,100.0,0.0,0.0,100.0,0.0,0.0,0.0,0.0
2026-09-25T08:05:25.334261+00:00,100.0,0.0,0.0,100.0,0.0,0.0,0.0,0.0
2026-09-25T08:19:36.389689+00:00,100.0,0.0,0.0,100.0,0.0,0.0,0.0,0.0
2026-09-25T08:34:33.854810+00:00,100.0,0.0,0.0,100.0,0.0,0.0,0.0,0.0
2026-09-25T08:49:35.310835+00:00,100.0,0.0,0.0,100.0,0.0,0.0,0.0,0.0
2026-09-25T09:04:18.757973+00:00,100.0,0.0,0.0,100.0,0.0,0.0,0.0,0.0
2026-09-25T09:19:04.023135+00:00,100.0,0.0,0.0,100.0,0.0,0.0,0.0,0.0
2026-09-25T09:33:54.777097+00:00,100.0,0.0,0.0,100.0,0.0,0.0,0.0,0.0
2026-09-25T09:48:57.561392+00:00,100.0,0.0,0.0,100.0,0.0,0.0,0.0,0.0
2026-09-25T10:05:01.230978+00:00,100.0,0.0,0.0,100.0,0.0,0.0,0.0,0.0
2026-09-25T10:19:32.835140+00:00,100.0,0.0,0.0,100.0,0.0,0.0,0.0,0.0
2026-09-25T10:34:07.377892+00:00,100.0,0.0,0.0,100.0,0.0,0.0,0.0,0.0
2026-09-25T10:48:43.664446+00:00,100.0,0.0,0.0,100.0,0.0,0.0,0.0,0.0
2026-09-25T11:05:06.646090+00:00,100.0,0.0,0.0,100.0,0.0,0.0,0.0,0.0
2026-09-25T11:20:13.918819+00:00,100.0,0.0,0.0,100.0,0.0,0.0,0.0,0.0
2026-09-25T11:34:21.053528+00:00,100.0,0.0,0.0,100.0,0.0,0.0,0.0,0.0
2026-09-25T11:49:07.938337+00:00,100.0,0.0,0.0,100.0,0.0,0.0,0.0,0.0
2026-09-25T12:05:01.168903+00:00,100.0,0.0,0.0,100.0,0.0,0.0,0.0,0.0
2026-09-25T12:20:35.462699+00:00,100.0,0.0,0.0,100.0,0.0,0.0,0.0,0.0
2026-09-25T12:33:58.956095+00:00,100.0,0.0,0.0,100.0,0.0,0.0,0.0,0.0
2026-09-25T12:48:56.994330+00:00,100.0,0.0,0.0,100.0,0.0,0.0,0.0,0.0
2026-09-25T13:05:06.448862+00:00,100.0,0.0,0.0,100.0,0.0,0.0,0.0,0.0
2026-09-25T13:20:12.592405+00:00,100.0,0.0,0.0,100.0,0.0,0.0,0.0,0.0
2026-09-25T13:34:24.080439+00:00,100.0,0.0,0.0,100.0,0.0,0.0,0.0,0.0
2026-09-25T13:48:57.774488+00:00,100.0,0.0,0.0,100.0,0.0,0.0,0.0,0.0
2026-09-25T14:05:19.604507+00:00,100.0,0.0,0.0,100.0,0.0,0.0,0.0,0.0
2026-09-25T14:20:00.348397+00:00,100.0,0.0,0.0,100.0,0.0,0.0,0.0,0.0
2026-09-25T14:34:03.092242+00:00,100.0,0.0,0.0,100.0,0.0,0.0,0.0,0.0
2026-09-25T14:49:22.066314+00:00,100.0,0.0,0.0,100.0,0.0,0.0,0.0,0.0
2026-09-25T15:05:16.768057+00:00,100.0,0.0,0.0,100.0,0.0,0.0,0.0,0.0
2026-09-25T15:19:35.532989+00:00,100.0,0.0,0.0,100.0,0.0,0.0,0.0,0.0
2026-09-25T15:34:29.876775+00:00,100.0,0.0,0.0,100.0,0.0,0.0,0.0,0.0
2026-09-25T15:48:42.842887+00:00,100.0,0.0,0.0,100.0,0.0,0.0,0.0,0.0
2026-09-25T16:05:02.008198+00:00,100.0,0.0,0.0,100.0,0.0,0.0,0.0,0.0
2026-09-25T16:19:20.018598+00:00,100.0,0.0,0.0,100.0,0.0,0.0,0.0,0.0
2026-09-25T16:34:15.008517+00:00,100.0,0.0,0.0,100.0,0.0,0.0,0.0,0.0
2026-09-25T16:48:47.599007+00:00,100.0,0.0,0.0,100.0,0.0,0.0,0.0,0.0
2026-09-25T17:04:44.057417+00:00,100.0,0.0,0.0,100.0,0.0,0.0,0.0,0.0
2026-09-25T17:20:48.362632+00:00,100.0,0.0,0.0,100.0,0.0,0.0,0.0,0.0
2026-09-25T17:34:33.812999+00:00,100.0,0.0,0.0,100.0,0.0,0.0,0.0,0.0
2026-09-25T17:49:14.723432+00:00,100.0,0.0,0.0,100.0,0.0,0.0,0.0,0.0
2026-09-25T18:04:21.635682+00:00,100.0,0.0,0.0,100.0,0.0,0.0,0.0,0.0
2026-09-25T18:19:20.502444+00:00,100.0,0.0,0.0,100.0,0.0,0.0,0.0,0.0
2026-09-25T18:34:18.528013+00:00,100.0,0.0,0.0,100.0,0.0,0.0,0.0,0.0
2026-09-25T18:49:28.410677+00:00,100.0,0.0,0.0,100.0,0.0,0.0,0.0,0.0
2026-09-25T19:04:34.257865+00:00,100.0,0.0,0.0,100.0,0.0,0.0,0.0,0.0
2026-09-25T19:19:24.977114+00:00,100.0,0.0,0.0,100.0,0.0,0.0,0.0,0.0
2026-09-25T19:34:04.079701+00:00,100.0,0.0,0.0,100.0,0.0,0.0,0.0,0.0
2026-09-25T19:49:06.962558+00:00,100.0,0.0,0.0,100.0,0.0,0.0,0.0,0.0
2026-09-25T20:05:47.387804+00:00,100.0,0.0,0.0,100.0,0.0,0.0,0.0,0.0
2026-09-25T20:18:48.146002+00:00,100.0,0.0,0.0,100.0,0.0,0.0,0.0,0.0
2026-09-25T20:34:05.150043+00:00,40.0,144.0,627.0,48.0,0.0,141.0,0.0,0.0
2026-09-25T20:48:42.241778+00:00,40.0,144.0,627.0,48.0,0.0,141.0,0.0,0.0
2026-09-25T21:00:22.101401+00:00,37.0,37.0,102.0,46.0,0.0,38.0,0.0,0.0
2026-09-25T21:04:08.640524+00:00,37.0,36.0,102.0,46.0,0.0,36.0,0.0,0.0
2026-09-25T21:18:40.704523+00:00,37.0,36.0,102.0,45.0,0.0,39.0,0.0,0.0
2026-09-25T21:34:13.798967+00:00,37.0,36.0,102.0,45.0,0.0,39.0,0.0,0.0
2026-09-25T21:48:57.739653+00:00,37.0,36.0,102.0,44.0,0.0,33.0,0.0,0.0
2026-09-25T22:04:29.394896+00:00,37.0,36.0,102.0,44.0,0.0,31.0,0.0,0.0
2026-09-25T22:18:48.611740+00:00,37.0,36.0,102.0,43.0,0.0,30.0,0.0,0.0
2026-09-25T22:34:10.725832+00:00,37.0,36.0,102.0,43.0,0.0,30.0,0.0,0.0
2026-09-25T22:49:16.861956+00:00,37.0,36.0,102.0,42.0,0.0,27.0,0.0,0.0
2026-09-25T23:04:20.081226+00:00,37.0,36.0,102.0,42.0,0.0,27.0,0.0,0.0
2026-09-25T23:19:19.943865+00:00,37.0,36.0,102.0,42.0,0.0,27.0,0.0,0.0
2026-09-25T23:33:53.662490+00:00,37.0,36.0,102.0,42.0,0.0,27.0,0.0,0.0
2026-09-25T23:49:05.931137+00:00,37.0,36.0,102.0,42.0,0.0,27.0,0.0,0.0
2026-09-26T00:04:34.875793+00:00,37.0,36.0,102.0,40.0,0.0,24.0,0.0,0.0
2026-09-26T00:18:47.055969+00:00,37.0,36.0,102.0,40.0,0.0,24.0,0.0,0.0
2026-09-26T00:34:29.362375+00:00,37.0,36.0,102.0,40.0,0.0,24.0,0.0,0.0
2026-09-26T00:49:28.833303+00:00,37.0,36.0,102.0,40.0,0.0,24.0,0.0,0.0
2026-09-26T01:04:25.280406+00:00,37.0,36.0,102.0,38.0,0.0,20.0,0.0,0.0
2026-09-26T01:19:29.213900+00:00,37.0,36.0,102.0,38.0,0.0,20.0,0.0,0.0
2026-09-26T01:34:01.097353+00:00,37.0,36.0,102.0,38.0,0.0,20.0,0.0,0.0
2026-09-26T01:49:20.454856+00:00,37.0,36.0,102.0,37.0,0.0,20.0,0.0,0.0
2026-09-26T02:04:01.260053+00:00,37.0,36.0,102.0,37.0,0.0,20.0,0.0,0.0
2026-09-26T02:18:59.929082+00:00,23.0,20.0,101.0,37.0,0.0,20.0,0.0,0.0
2026-09-26T02:34:06.066651+00:00,23.0,20.0,101.0,37.0,0.0,20.0,0.0,0.0
2026-09-26T02:49:11.887643+00:00,23.0,20.0,101.0,35.0,0.0,20.0,0.0,0.0
2026-09-26T03:04:25.702659+00:00,23.0,20.0,101.0,35.0,0.0,20.0,0.0,0.0
2026-09-26T03:19:18.585529+00:00,23.0,20.0,101.0,35.0,0.0,20.0,0.0,0.0
2026-09-26T03:33:55.500520+00:00,23.0,20.0,101.0,35.0,0.0,20.0,0.0,0.0
2026-09-26T03:49:40.326648+00:00,23.0,20.0,101.0,35.0,0.0,20.0,0.0,0.0
2026-09-26T04:04:24.856917+00:00,23.0,20.0,101.0,35.0,0.0,20.0,0.0,0.0
2026-09-26T04:19:28.171952+00:00,21.0,21.0,107.0,33.0,0.0,21.0,0.0,0.0
2026-09-26T04:34:21.357945+00:00,21.0,21.0,107.0,33.0,0.0,21.0,0.0,0.0
2026-09-26T04:49:17.848167+00:00,21.0,21.0,107.0,33.0,0.0,21.0,0.0,0.0
2026-09-26T05:04:20.139764+00:00,21.0,21.0,107.0,33.0,0.0,21.0,0.0,0.0
2026-09-26T05:19:31.015563+00:00,21.0,21.0,107.0,33.0,0.0,21.0,0.0,0.0
2026-09-26T05:34:20.044436+00:00,21.0,21.0,107.0,33.0,0.0,21.0,0.0,0.0
2026-09-26T05:48:42.324736+00:00,21.0,21.0,107.0,33.0,0.0,21.0,0.0,0.0
2026-09-26T06:05:05.532877+00:00,21.0,21.0,107.0,33.0,0.0,21.0,0.0,0.0
2026-09-26T06:19:48.503744+00:00,19.0,22.0,101.0,33.0,0.0,21.0,0.0,0.0
2026-09-26T06:35:01.312830+00:00,19.0,22.0,101.0,30.0,0.0,24.0,0.0,0.0
2026-09-26T06:48:50.607694+00:00,19.0,22.0,101.0,30.0,0.0,24.0,0.0,0.0
2026-09-26T07:04:28.413336+00:00,19.0,22.0,101.0,30.0,0.0,24.0,0.0,0.0
2026-09-26T07:19:30.271768+00:00,19.0,22.0,101.0,28.0,0.0,26.0,0.0,0.0
2026-09-26T07:34:15.942239+00:00,19.0,22.0,101.0,28.0,0.0,26.0,0.0,0.0
2026-09-26T07:49:23.304370+00:00,19.0,22.0,101.0,28.0,0.0,30.0,0.0,0.0
2026-09-26T08:04:16.363022+00:00,19.0,22.0,101.0,28.0,0.0,30.0,0.0,0.0
2026-09-26T08:18:56.678364+00:00,19.0,22.0,101.0,28.0,0.0,30.0,0.0,0.0
2026-09-26T08:34:04.893766+00:00,19.0,22.0,101.0,28.0,0.0,30.0,0.0,0.0
2026-09-26T08:49:18.942782+00:00,19.0,22.0,101.0,28.0,0.0,30.0,0.0,0.0
2026-09-26T09:04:11.798099+00:00,19.0,22.0,101.0,28.0,0.0,30.0,0.0,0.0
2026-09-26T09:19:24.446923+00:00,19.0,22.0,101.0,28.0,0.0,30.0,0.0,0.0
2026-09-26T09:34:37.004365+00:00,19.0,22.0,101.0,28.0,0.0,30.0,0.0,0.0
2026-09-26T09:48:49.752026+00:00,17.0,44.0,103.0,28.0,0.0,30.0,0.0,0.0
2026-09-26T10:04:15.748942+00:00,17.0,44.0,103.0,28.0,0.0,30.0,0.0,0.0
2026-09-26T10:19:18.735788+00:00,17.0,44.0,103.0,28.0,0.0,30.0,0.0,0.0
2026-09-26T10:33:53.207205+00:00,17.0,44.0,103.0,28.0,0.0,30.0,0.0,0.0
2026-09-26T10:49:10.667779+00:00,17.0,44.0,103.0,28.0,0.0,30.0,0.0,0.0
2026-09-26T11:04:28.229526+00:00,16.0,36.0,96.0,20.0,0.0,35.0,0.0,0.0
2026-09-26T11:19:24.547729+00:00,16.0,36.0,96.0,19.0,0.0,36.0,0.0,0.0
2026-09-26T11:35:24.516062+00:00,16.0,36.0,96.0,19.0,0.0,33.0,0.0,0.0
2026-09-26T11:48:40.809546+00:00,16.0,36.0,96.0,19.0,0.0,33.0,0.0,0.0
2026-09-26T12:04:57.030256+00:00,16.0,32.0,99.0,18.0,0.0,32.0,0.0,0.0
2026-09-26T12:19:06.319083+00:00,16.0,32.0,99.0,18.0,0.0,32.0,0.0,0.0
2026-09-26T12:34:38.310381+00:00,16.0,32.0,99.0,18.0,0.0,32.0,0.0,0.0
2026-09-26T12:49:26.339013+00:00,16.0,32.0,99.0,18.0,0.0,32.0,0.0,0.0
2026-09-26T13:04:21.713862+00:00,16.0,32.0,99.0,18.0,0.0,32.0,0.0,0.0
2026-09-26T13:19:28.236043+00:00,16.0,32.0,99.0,18.0,0.0,32.0,0.0,0.0
2026-09-26T13:34:33.926476+00:00,16.0,32.0,99.0,18.0,0.0,32.0,0.0,0.0
2026-09-26T13:49:08.160017+00:00,14.0,26.0,96.0,15.0,0.0,26.0,0.0,0.0
2026-09-26T14:04:32.721557+00:00,14.0,26.0,96.0,15.0,0.0,26.0,0.0,0.0
2026-09-26T14:19:06.569173+00:00,13.0,24.0,97.0,15.0,0.0,26.0,0.0,0.0
2026-09-26T14:34:48.591214+00:00,13.0,24.0,103.0,14.0,0.0,24.0,0.0,0.0
2026-09-26T14:49:01.932080+00:00,13.0,22.0,98.0,14.0,0.0,22.0,0.0,0.0
2026-09-26T15:04:27.886302+00:00,13.0,22.0,98.0,14.0,0.0,22.0,0.0,0.0
2026-09-26T15:18:47.544935+00:00,12.0,22.0,98.0,14.0,0.0,22.0,0.0,0.0
2026-09-26T15:33:48.203568+00:00,12.0,22.0,98.0,14.0,0.0,22.0,0.0,0.0
2026-09-26T15:48:43.940253+00:00,12.0,22.0,98.0,14.0,0.0,22.0,0.0,0.0
2026-09-26T16:04:33.149699+00:00,12.0,24.0,101.0,13.0,0.0,24.0,0.0,0.0
2026-09-26T16:19:07.783160+00:00,12.0,24.0,96.0,13.0,0.0,23.0,0.0,0.0
2026-09-26T16:34:22.513317+00:00,11.0,26.0,102.0,13.0,0.0,26.0,0.0,0.0
2026-09-26T16:49:19.030943+00:00,11.0,25.0,94.0,13.0,0.0,26.0,0.0,0.0
2026-09-26T17:04:26.798092+00:00,11.0,25.0,94.0,13.0,0.0,26.0,0.0,0.0
2026-09-26T17:19:23.477478+00:00,11.0,25.0,94.0,13.0,0.0,26.0,0.0,0.0
2026-09-26T17:34:11.891616+00:00,11.0,25.0,94.0,13.0,0.0,26.0,0.0,0.0
2026-09-26T17:49:25.067791+00:00,11.0,25.0,94.0,13.0,0.0,26.0,0.0,0.0
2026-09-26T18:03:52.806430+00:00,11.0,25.0,94.0,13.0,0.0,26.0,0.0,0.0
2026-09-26T18:19:30.739216+00:00,11.0,25.0,94.0,13.0,0.0,26.0,0.0,0.0
2026-09-26T18:34:27.382487+00:00,11.0,25.0,94.0,13.0,0.0,26.0,0.0,0.0
2026-09-26T18:48:57.182610+00:00,11.0,25.0,94.0,13.0,0.0,26.0,0.0,0.0
2026-09-26T19:03:54.898950+00:00,9.0,27.0,103.0,10.0,0.0,27.0,0.0,0.0
2026-09-26T19:19:10.704339+00:00,9.0,27.0,103.0,10.0,0.0,27.0,0.0,0.0
2026-09-26T19:33:47.238358+00:00,9.0,27.0,103.0,10.0,0.0,27.0,0.0,0.0
2026-09-26T19:48:55.056216+00:00,9.0,27.0,103.0,9.0,0.0,22.0,0.0,0.0
2026-09-26T20:04:13.186723+00:00,9.0,27.0,103.0,9.0,0.0,22.0,0.0,0.0
2026-09-26T20:19:11.976740+00:00,8.0,23.0,102.0,9.0,0.0,23.0,0.0,0.0
2026-09-26T20:34:33.396054+00:00,8.0,22.0,97.0,8.0,0.0,23.0,0.0,0.0
2026-09-26T20:48:56.734877+00:00,8.0,22.0,97.0,8.0,0.0,23.0,0.0,0.0
2026-09-26T21:04:09.751982+00:00,8.0,22.0,97.0,8.0,0.0,24.0,0.0,0.0
2026-09-26T21:19:15.439496+00:00,7.0,25.0,93.0,7.0,0.0,25.0,0.0,0.0
2026-09-26T21:34:29.369123+00:00,7.0,25.0,93.0,7.0,0.0,26.0,0.0,0.0
2026-09-26T21:49:27.695468+00:00,7.0,25.0,93.0,7.0,0.0,26.0,0.0,0.0
2026-09-26T22:04:26.812079+00:00,7.0,25.0,93.0,7.0,0.0,26.0,0.0,0.0
2026-09-26T22:18:49.094694+00:00,7.0,25.0,93.0,7.0,0.0,26.0,0.0,0.0
2026-09-26T22:34:20.315731+00:00,7.0,25.0,93.0,7.0,0.0,26.0,0.0,0.0
2026-09-26T22:49:25.218057+00:00,7.0,25.0,93.0,7.0,0.0,26.0,0.0,0.0
2026-09-26T23:04:18.605403+00:00,7.0,25.0,93.0,7.0,0.0,26.0,0.0,0.0
2026-09-26T23:18:44.904614+00:00,7.0,25.0,93.0,7.0,0.0,26.0,0.0,0.0
2026-09-26T23:33:55.354253+00:00,7.0,25.0,93.0,7.0,0.0,26.0,0.0,0.0
2026-09-26T23:49:04.422829+00:00,7.0,25.0,93.0,7.0,0.0,26.0,0.0,0.0
2026-09-27T00:04:34.811531+00:00,7.0,25.0,93.0,7.0,0.0,26.0,0.0,0.0
2026-09-27T00:19:50.076699+00:00,7.0,25.0,93.0,7.0,0.0,26.0,0.0,0.0
2026-09-27T00:34:23.998215+00:00,7.0,25.0,93.0,7.0,0.0,26.0,0.0,0.0
2026-09-27T00:49:37.956346+00:00,7.0,25.0,93.0,7.0,0.0,26.0,0.0,0.0
2026-09-27T01:04:30.274434+00:00,7.0,25.0,93.0,7.0,0.0,26.0,0.0,0.0
2026-09-27T01:19:11.346422+00:00,4.0,0.0,0.0,7.0,0.0,26.0,0.0,0.0
2026-09-27T01:34:24.277963+00:00,4.0,0.0,0.0,4.0,0.0,0.0,0.0,0.0
2026-09-27T01:48:34.360488+00:00,4.0,0.0,0.0,4.0,0.0,0.0,0.0,0.0
2026-09-27T02:04:06.234521+00:00,4.0,0.0,0.0,4.0,0.0,0.0,0.0,0.0
2026-09-27T02:19:16.724045+00:00,4.0,0.0,0.0,4.0,0.0,0.0,0.0,0.0
2026-09-27T02:33:44.073077+00:00,4.0,0.0,0.0,4.0,0.0,0.0,0.0,0.0
2026-09-27T02:48:42.915060+00:00,4.0,0.0,0.0,4.0,0.0,0.0,0.0,0.0
2026-09-27T03:04:33.754721+00:00,4.0,0.0,0.0,4.0,0.0,0.0,0.0,0.0
2026-09-27T03:19:26.178103+00:00,4.0,0.0,0.0,4.0,0.0,0.0,0.0,0.0
2026-09-27T03:33:52.375413+00:00,4.0,0.0,0.0,4.0,0.0,0.0,0.0,0.0
2026-09-27T03:48:51.485124+00:00,4.0,0.0,0.0,4.0,0.0,0.0,0.0,0.0
2026-09-27T04:04:21.223364+00:00,4.0,0.0,0.0,4.0,0.0,0.0,0.0,0.0
2026-09-27T04:19:30.598681+00:00,4.0,0.0,0.0,4.0,0.0,0.0,0.0,0.0
2026-09-27T04:34:11.359618+00:00,4.0,0.0,0.0,4.0,0.0,0.0,0.0,0.0
2026-09-27T04:49:35.742658+00:00,4.0,0.0,0.0,4.0,0.0,0.0,0.0,0.0
2026-09-27T05:04:32.926177+00:00,4.0,0.0,0.0,4.0,0.0,0.0,0.0,0.0
2026-09-27T05:19:09.062966+00:00,4.0,0.0,0.0,4.0,0.0,0.0,0.0,0.0
2026-09-27T05:34:27.808378+00:00,4.0,0.0,0.0,4.0,0.0,0.0,0.0,0.0
2026-09-27T05:48:48.253430+00:00,4.0,0.0,0.0,4.0,0.0,0.0,0.0,0.0
2026-09-27T06:06:20.316538+00:00,4.0,0.0,0.0,4.0,0.0,0.0,0.0,0.0
2026-09-27T06:19:13.893340+00:00,4.0,0.0,0.0,4.0,0.0,0.0,0.0,0.0
2026-09-27T06:34:03.314696+00:00,4.0,0.0,0.0,4.0,0.0,0.0,0.0,0.0
2026-09-27T06:49:07.765048+00:00,4.0,0.0,0.0,4.0,0.0,0.0,0.0,0.0
2026-09-27T07:04:08.645883+00:00,4.0,0.0,0.0,4.0,0.0,0.0,0.0,0.0
2026-09-27T07:19:21.555892+00:00,4.0,0.0,0.0,4.0,0.0,0.0,0.0,0.0
2026-09-27T07:34:38.595862+00:00,4.0,0.0,0.0,4.0,0.0,0.0,0.0,0.0
2026-09-27T07:49:06.176387+00:00,4.0,0.0,0.0,4.0,0.0,0.0,0.0,0.0
2026-09-27T08:04:07.436900+00:00,4.0,0.0,0.0,4.0,0.0,0.0,0.0,0.0
2026-09-27T08:18:51.820051+00:00,3.0,0.0,0.0,4.0,0.0,0.0,0.0,0.0
2026-09-27T08:34:17.025190+00:00,3.0,0.0,0.0,4.0,0.0,0.0,0.0,0.0
2026-09-27T08:49:29.197299+00:00,3.0,0.0,0.0,4.0,0.0,0.0,0.0,0.0
2026-09-27T09:04:05.462229+00:00,3.0,0.0,0.0,4.0,0.0,0.0,0.0,0.0
2026-09-27T09:19:14.618834+00:00,3.0,0.0,0.0,4.0,0.0,0.0,0.0,0.0
2026-09-27T09:33:54.940382+00:00,3.0,0.0,0.0,4.0,0.0,0.0,0.0,0.0
2026-09-27T09:49:06.142711+00:00,3.0,0.0,0.0,4.0,0.0,0.0,0.0,0.0
2026-09-27T10:04:12.893953+00:00,3.0,0.0,0.0,4.0,0.0,0.0,0.0,0.0
2026-09-27T10:19:15.595376+00:00,3.0,0.0,0.0,4.0,0.0,0.0,0.0,0.0
2026-09-27T10:34:04.107003+00:00,3.0,0.0,0.0,4.0,0.0,0.0,0.0,0.0
2026-09-27T10:49:01.018945+00:00,3.0,0.0,0.0,4.0,0.0,0.0,0.0,0.0
2026-09-27T11:19:08.945571+00:00,3.0,0.0,0.0,4.0,0.0,0.0,0.0,0.0
2026-09-27T11:33:50.050324+00:00,3.0,0.0,0.0,4.0,0.0,0.0,0.0,0.0
2026-09-27T11:48:55.787266+00:00,3.0,0.0,0.0,4.0,0.0,0.0,0.0,0.0
2026-09-27T12:05:13.733474+00:00,3.0,0.0,0.0,4.0,0.0,0.0,0.0,0.0
2026-09-27T12:19:57.435360+00:00,3.0,0.0,0.0,4.0,0.0,0.0,0.0,0.0
2026-09-27T12:34:00.894574+00:00,3.0,0.0,0.0,4.0,0.0,0.0,0.0,0.0
2026-09-27T12:49:28.282141+00:00,3.0,0.0,0.0,4.0,0.0,0.0,0.0,0.0
2026-09-27T13:05:19.907907+00:00,3.0,0.0,0.0,4.0,0.0,0.0,0.0,0.0
2026-09-27T13:19:41.274857+00:00,3.0,0.0,0.0,4.0,0.0,0.0,0.0,0.0
2026-09-27T13:33:52.671218+00:00,3.0,0.0,0.0,4.0,0.0,0.0,0.0,0.0
2026-09-27T13:48:54.634025+00:00,3.0,0.0,0.0,4.0,0.0,0.0,0.0,0.0
2026-09-27T14:04:24.854175+00:00,3.0,0.0,0.0,4.0,0.0,0.0,0.0,0.0
2026-09-27T14:19:13.685936+00:00,3.0,0.0,0.0,4.0,0.0,0.0,0.0,0.0
2026-09-27T14:34:10.223975+00:00,3.0,0.0,0.0,4.0,0.0,0.0,0.0,0.0
2026-09-27T14:49:53.354145+00:00,3.0,0.0,0.0,4.0,0.0,0.0,0.0,0.0
2026-09-27T15:04:29.379847+00:00,3.0,0.0,0.0,4.0,0.0,0.0,0.0,0.0
2026-09-27T15:19:31.268348+00:00,3.0,0.0,0.0,4.0,0.0,0.0,0.0,0.0
2026-09-27T15:33:53.724839+00:00,3.0,0.0,0.0,4.0,0.0,0.0,0.0,0.0
2026-09-27T15:49:01.086654+00:00,3.0,0.0,0.0,4.0,0.0,0.0,0.0,0.0
2026-09-27T16:04:22.759244+00:00,3.0,0.0,0.0,4.0,0.0,0.0,0.0,0.0
2026-09-27T16:19:16.293282+00:00,3.0,0.0,0.0,4.0,0.0,0.0,0.0,0.0
2026-09-27T16:34:36.083393+00:00,3.0,0.0,0.0,4.0,0.0,0.0,0.0,0.0
2026-09-27T16:49:16.420704+00:00,3.0,0.0,0.0,4.0,0.0,0.0,0.0,0.0
2026-09-27T17:04:15.171972+00:00,3.0,0.0,0.0,4.0,0.0,0.0,0.0,0.0
2026-09-27T17:18:42.202550+00:00,3.0,0.0,0.0,4.0,0.0,0.0,0.0,0.0
2026-09-27T17:34:07.154443+00:00,3.0,0.0,0.0,4.0,0.0,0.0,0.0,0.0
2026-09-27T17:49:21.627829+00:00,3.0,0.0,0.0,4.0,0.0,0.0,0.0,0.0
2026-09-27T18:19:01.890618+00:00,3.0,0.0,0.0,3.0,0.0,0.0,0.0,0.0
2026-09-27T18:34:22.765609+00:00,3.0,0.0,0.0,3.0,0.0,0.0,0.0,0.0
2026-09-27T18:49:21.235536+00:00,3.0,0.0,0.0,3.0,0.0,0.0,0.0,0.0
2026-09-27T19:03:54.723491+00:00,3.0,0.0,0.0,3.0,0.0,0.0,0.0,0.0
2026-09-27T19:18:53.913808+00:00,3.0,0.0,0.0,3.0,0.0,0.0,0.0,0.0
2026-09-27T19:34:15.321144+00:00,3.0,0.0,0.0,3.0,0.0,0.0,0.0,0.0
2026-09-27T19:48:37.169107+00:00,3.0,0.0,0.0,3.0,0.0,0.0,0.0,0.0
2026-09-27T20:04:26.656944+00:00,3.0,0.0,0.0,3.0,0.0,0.0,0.0,0.0
2026-09-27T20:19:19.452354+00:00,3.0,0.0,0.0,3.0,0.0,0.0,0.0,0.0
2026-09-27T20:34:07.006502+00:00,3.0,0.0,0.0,3.0,0.0,0.0,0.0,0.0
2026-09-27T20:49:06.024884+00:00,3.0,0.0,0.0,3.0,0.0,0.0,0.0,0.0
2026-09-27T21:04:05.814202+00:00,3.0,0.0,0.0,3.0,0.0,0.0,0.0,0.0
2026-09-27T21:19:14.326349+00:00,3.0,0.0,0.0,3.0,0.0,0.0,0.0,0.0
2026-09-27T21:34:10.767585+00:00,3.0,0.0,0.0,3.0,0.0,0.0,0.0,0.0
2026-09-27T21:49:17.979407+00:00,3.0,0.0,0.0,3.0,0.0,0.0,0.0,0.0
2026-09-27T22:05:28.993523+00:00,3.0,0.0,0.0,3.0,0.0,0.0,0.0,0.0
2026-09-27T22:19:08.039462+00:00,3.0,0.0,0.0,3.0,0.0,0.0,0.0,0.0
2026-09-27T22:34:11.131799+00:00,3.0,0.0,0.0,3.0,0.0,0.0,0.0,0.0
2026-09-27T22:48:46.896378+00:00,3.0,0.0,0.0,3.0,0.0,0.0,0.0,0.0
2026-09-27T23:04:48.262837+00:00,3.0,0.0,0.0,3.0,0.0,0.0,0.0,0.0
2026-09-27T23:19:33.478625+00:00,3.0,0.0,0.0,3.0,0.0,0.0,0.0,0.0
2026-09-27T23:33:50.483887+00:00,3.0,0.0,0.0,3.0,0.0,0.0,0.0,0.0
2026-09-27T23:49:28.716919+00:00,3.0,0.0,0.0,3.0,0.0,0.0,0.0,0.0
2026-09-28T00:05:27.382476+00:00,3.0,0.0,0.0,3.0,0.0,0.0,0.0,0.0
2026-09-28T00:19:30.414692+00:00,3.0,0.0,0.0,3.0,0.0,0.0,0.0,0.0
2026-09-28T00:34:17.774609+00:00,3.0,0.0,0.0,3.0,0.0,0.0,0.0,0.0
2026-09-28T00:48:48.709093+00:00,3.0,0.0,0.0,3.0,0.0,0.0,0.0,0.0
2026-09-28T01:04:28.245042+00:00,3.0,0.0,0.0,3.0,0.0,0.0,0.0,0.0
2026-09-28T01:19:32.352521+00:00,3.0,0.0,0.0,3.0,0.0,0.0,0.0,0.0
2026-09-28T01:34:05.651684+00:00,3.0,0.0,0.0,3.0,0.0,0.0,0.0,0.0
2026-09-28T01:49:12.180986+00:00,3.0,0.0,0.0,3.0,0.0,0.0,0.0,0.0
2026-09-28T02:04:29.842401+00:00,3.0,0.0,0.0,3.0,0.0,0.0,0.0,0.0
2026-09-28T02:20:14.836810+00:00,3.0,0.0,0.0,2.0,0.0,0.0,0.0,0.0
2026-09-28T02:34:31.674319+00:00,3.0,0.0,0.0,2.0,0.0,0.0,0.0,0.0
2026-09-28T02:48:56.587669+00:00,3.0,0.0,0.0,2.0,0.0,0.0,0.0,0.0
2026-09-28T03:04:06.324639+00:00,3.0,0.0,0.0,2.0,0.0,0.0,0.0,0.0
2026-09-28T03:19:24.424475+00:00,3.0,0.0,0.0,2.0,0.0,0.0,0.0,0.0
2026-09-28T03:34:18.975442+00:00,3.0,0.0,0.0,2.0,0.0,0.0,0.0,0.0
2026-09-28T03:48:39.080507+00:00,3.0,0.0,0.0,2.0,0.0,0.0,0.0,0.0
2026-09-28T04:04:08.145243+00:00,3.0,0.0,0.0,2.0,0.0,0.0,0.0,0.0
2026-09-28T04:19:34.137175+00:00,3.0,0.0,0.0,2.0,0.0,0.0,0.0,0.0
2026-09-28T04:33:54.231284+00:00,3.0,0.0,0.0,2.0,0.0,0.0,0.0,0.0
2026-09-28T04:49:29.409668+00:00,3.0,0.0,0.0,2.0,0.0,0.0,0.0,0.0
2026-09-28T05:05:05.536128+00:00,2.0,0.0,0.0,2.0,0.0,0.0,0.0,0.0
2026-09-28T05:20:25.835217+00:00,2.0,0.0,0.0,2.0,0.0,0.0,0.0,0.0
2026-09-28T05:34:35.593794+00:00,2.0,0.0,0.0,2.0,0.0,0.0,0.0,0.0
2026-09-28T05:49:08.434744+00:00,2.0,0.0,0.0,2.0,0.0,0.0,0.0,0.0
2026-09-28T06:04:55.569645+00:00,2.0,0.0,0.0,2.0,0.0,0.0,0.0,0.0
2026-09-28T06:20:19.359228+00:00,2.0,0.0,0.0,2.0,0.0,0.0,0.0,0.0
2026-09-28T06:34:58.878959+00:00,2.0,0.0,0.0,2.0,0.0,0.0,0.0,0.0
2026-09-28T06:48:53.233588+00:00,2.0,0.0,0.0,2.0,0.0,0.0,0.0,0.0
2026-09-28T07:04:58.793151+00:00,2.0,0.0,0.0,2.0,0.0,0.0,0.0,0.0
2026-09-28T07:20:47.740191+00:00,2.0,0.0,0.0,2.0,0.0,0.0,0.0,0.0
2026-09-28T07:34:31.464314+00:00,2.0,0.0,0.0,2.0,0.0,0.0,0.0,0.0
2026-09-28T07:49:27.937353+00:00,2.0,0.0,0.0,2.0,0.0,0.0,0.0,0.0
2026-09-28T08:05:30.252224+00:00,2.0,0.0,0.0,2.0,0.0,0.0,0.0,0.0
2026-09-28T08:20:54.300465+00:00,2.0,0.0,0.0,2.0,0.0,0.0,0.0,0.0
2026-09-28T08:34:15.210516+00:00,2.0,0.0,0.0,2.0,0.0,0.0,0.0,0.0
2026-09-28T08:48:49.844857+00:00,2.0,0.0,0.0,2.0,0.0,0.0,0.0,0.0
2026-09-28T09:04:37.391439+00:00,2.0,0.0,0.0,2.0,0.0,0.0,0.0,0.0
2026-09-28T09:19:52.310172+00:00,2.0,0.0,0.0,2.0,0.0,0.0,0.0,0.0
2026-09-28T09:34:38.166034+00:00,2.0,0.0,0.0,2.0,0.0,0.0,0.0,0.0
2026-09-28T09:49:25.607906+00:00,2.0,0.0,0.0,2.0,0.0,0.0,0.0,0.0
2026-09-28T10:05:23.453304+00:00,2.0,0.0,0.0,2.0,0.0,0.0,0.0,0.0
2026-09-28T10:19:07.934015+00:00,2.0,0.0,0.0,2.0,0.0,0.0,0.0,0.0
2026-09-28T10:34:39.461810+00:00,2.0,0.0,0.0,2.0,0.0,0.0,0.0,0.0
2026-09-28T10:48:53.566614+00:00,2.0,0.0,0.0,2.0,0.0,0.0,0.0,0.0
2026-09-28T11:05:49.508471+00:00,2.0,0.0,0.0,2.0,0.0,0.0,0.0,0.0
2026-09-28T11:20:19.518223+00:00,2.0,0.0,0.0,2.0,0.0,0.0,0.0,0.0
2026-09-28T11:34:28.808615+00:00,2.0,0.0,0.0,2.0,0.0,0.0,0.0,0.0
2026-09-28T11:48:45.101727+00:00,2.0,0.0,0.0,2.0,0.0,0.0,0.0,0.0
2026-09-28T12:05:04.989065+00:00,2.0,0.0,0.0,2.0,0.0,0.0,0.0,0.0
2026-09-28T12:20:03.452224+00:00,2.0,0.0,0.0,2.0,0.0,0.0,0.0,0.0
2026-09-28T12:35:38.141218+00:00,2.0,0.0,0.0,1.0,0.0,0.0,0.0,0.0
2026-09-28T12:49:42.346445+00:00,2.0,0.0,0.0,1.0,0.0,0.0,0.0,0.0
2026-09-28T13:05:12.807248+00:00,2.0,0.0,0.0,1.0,0.0,0.0,0.0,0.0
2026-09-28T13:20:36.365239+00:00,2.0,0.0,0.0,1.0,0.0,0.0,0.0,0.0
2026-09-28T13:35:39.317101+00:00,2.0,0.0,0.0,1.0,0.0,0.0,0.0,0.0
2026-09-28T13:49:36.051471+00:00,2.0,0.0,0.0,1.0,0.0,0.0,0.0,0.0
2026-09-28T14:06:24.423959+00:00,2.0,0.0,0.0,1.0,0.0,0.0,0.0,0.0
2026-09-28T14:20:09.337310+00:00,2.0,0.0,0.0,1.0,0.0,0.0,0.0,0.0
2026-09-28T14:34:07.202195+00:00,2.0,0.0,0.0,1.0,0.0,0.0,0.0,0.0
2026-09-28T14:49:19.997554+00:00,2.0,0.0,0.0,1.0,0.0,0.0,0.0,0.0
2026-09-28T15:05:16.952313+00:00,2.0,0.0,0.0,1.0,0.0,0.0,0.0,0.0
2026-09-28T15:20:29.416888+00:00,2.0,0.0,0.0,1.0,0.0,0.0,0.0,0.0
2026-09-28T15:34:31.583648+00:00,2.0,0.0,0.0,1.0,0.0,0.0,0.0,0.0
2026-09-28T15:48:58.683727+00:00,2.0,0.0,0.0,1.0,0.0,0.0,0.0,0.0
2026-09-28T16:05:30.422319+00:00,1.0,0.0,0.0,1.0,0.0,0.0,0.0,0.0
2026-09-28T16:19:32.722252+00:00,1.0,0.0,0.0,1.0,0.0,0.0,0.0,0.0
2026-09-28T16:34:39.730708+00:00,1.0,0.0,0.0,1.0,0.0,0.0,0.0,0.0
2026-09-28T16:49:22.813372+00:00,1.0,0.0,0.0,1.0,0.0,0.0,0.0,0.0
2026-09-28T17:04:16.023977+00:00,1.0,0.0,0.0,1.0,0.0,0.0,0.0,0.0
2026-09-28T17:19:20.742396+00:00,1.0,0.0,0.0,1.0,0.0,0.0,0.0,0.0
2026-09-28T17:33:50.017378+00:00,1.0,0.0,0.0,1.0,0.0,0.0,0.0,0.0
2026-09-28T17:48:58.634164+00:00,1.0,0.0,0.0,1.0,0.0,0.0,0.0,0.0
2026-09-28T18:04:27.150271+00:00,1.0,0.0,0.0,1.0,0.0,0.0,0.0,0.0
2026-09-28T18:18:49.715916+00:00,1.0,0.0,0.0,1.0,0.0,0.0,0.0,0.0
2026-09-28T18:34:11.547075+00:00,1.0,0.0,0.0,1.0,0.0,0.0,0.0,0.0
2026-09-28T18:49:29.165956+00:00,1.0,0.0,0.0,1.0,0.0,0.0,0.0,0.0
2026-09-28T19:04:18.160052+00:00,1.0,0.0,0.0,1.0,0.0,0.0,0.0,0.0
2026-09-28T19:19:34.884024+00:00,1.0,0.0,0.0,1.0,0.0,0.0,0.0,0.0
2026-09-28T19:34:11.955951+00:00,1.0,0.0,0.0,1.0,0.0,0.0,0.0,0.0
2026-09-28T19:49:12.284840+00:00,1.0,0.0,0.0,1.0,0.0,0.0,0.0,0.0
2026-09-28T20:04:11.327901+00:00,1.0,0.0,0.0,1.0,0.0,0.0,0.0,0.0
2026-09-28T20:19:34.513910+00:00,1.0,0.0,0.0,1.0,0.0,0.0,0.0,0.0
2026-09-28T20:33:57.193843+00:00,1.0,0.0,0.0,1.0,0.0,0.0,0.0,0.0
2026-09-28T20:49:15.730205+00:00,1.0,0.0,0.0,1.0,0.0,0.0,0.0,0.0
2026-09-28T21:04:26.316089+00:00,1.0,0.0,0.0,1.0,0.0,0.0,0.0,0.0
2026-09-28T21:19:19.072652+00:00,1.0,0.0,0.0,1.0,0.0,0.0,0.0,0.0
2026-09-28T21:34:21.108143+00:00,1.0,0.0,0.0,1.0,0.0,0.0,0.0,0.0
2026-09-28T21:49:08.415369+00:00,1.0,0.0,0.0,1.0,0.0,0.0,0.0,0.0
2026-09-28T22:05:05.205937+00:00,1.0,0.0,0.0,1.0,0.0,0.0,0.0,0.0
2026-09-28T22:19:07.213235+00:00,1.0,0.0,0.0,1.0,0.0,0.0,0.0,0.0
2026-09-28T22:33:56.327615+00:00,1.0,0.0,0.0,1.0,0.0,0.0,0.0,0.0
2026-09-28T22:49:20.723639+00:00,1.0,0.0,0.0,1.0,0.0,0.0,0.0,0.0
2026-09-28T23:05:30.031420+00:00,1.0,0.0,0.0,1.0,0.0,0.0,0.0,0.0
2026-09-28T23:19:11.614260+00:00,1.0,0.0,0.0,1.0,0.0,0.0,0.0,0.0
2026-09-28T23:34:48.916214+00:00,1.0,0.0,0.0,1.0,0.0,0.0,0.0,0.0
2026-09-28T23:48:57.663251+00:00,1.0,0.0,0.0,1.0,0.0,0.0,0.0,0.0
2026-09-29T00:04:57.943220+00:00,1.0,0.0,0.0,1.0,0.0,0.0,0.0,0.0
2026-09-29T00:19:17.516477+00:00,1.0,0.0,0.0,1.0,0.0,0.0,0.0,0.0
2026-09-29T00:34:12.685931+00:00,1.0,0.0,0.0,1.0,0.0,0.0,0.0,0.0
2026-09-29T00:49:37.161522+00:00,1.0,0.0,0.0,1.0,0.0,0.0,0.0,0.0
2026-09-29T01:04:06.708995+00:00,1.0,0.0,0.0,1.0,0.0,0.0,0.0,0.0
2026-09-29T01:19:15.615576+00:00,1.0,0.0,0.0,1.0,0.0,0.0,0.0,0.0
2026-09-29T01:34:36.154130+00:00,1.0,0.0,0.0,1.0,0.0,0.0,0.0,0.0
2026-09-29T01:49:14.315071+00:00,1.0,0.0,0.0,1.0,0.0,0.0,0.0,0.0
2026-09-29T02:04:35.691437+00:00,1.0,0.0,0.0,1.0,0.0,0.0,0.0,0.0
2026-09-29T02:19:38.563136+00:00,1.0,0.0,0.0,1.0,0.0,0.0,0.0,0.0
2026-09-29T02:34:02.737172+00:00,1.0,0.0,0.0,1.0,0.0,0.0,0.0,0.0
2026-09-29T02:49:38.967955+00:00,1.0,0.0,0.0,1.0,0.0,0.0,0.0,0.0
2026-09-29T03:04:24.610508+00:00,1.0,0.0,0.0,1.0,0.0,0.0,0.0,0.0
2026-09-29T03:19:38.742024+00:00,1.0,0.0,0.0,1.0,0.0,0.0,0.0,0.0
2026-09-29T03:34:44.292722+00:00,1.0,0.0,0.0,1.0,0.0,0.0,0.0,0.0
2026-09-29T03:49:51.767120+00:00,1.0,0.0,0.0,1.0,0.0,0.0,0.0,0.0
2026-09-29T04:04:50.343972+00:00,1.0,0.0,0.0,1.0,0.0,0.0,0.0,0.0
2026-09-29T04:19:11.447513+00:00,1.0,0.0,0.0,1.0,0.0,0.0,0.0,0.0
2026-09-29T04:34:26.008558+00:00,1.0,0.0,0.0,1.0,0.0,0.0,0.0,0.0
2026-09-29T04:49:40.024938+00:00,1.0,0.0,0.0,1.0,0.0,0.0,0.0,0.0
2026-09-29T05:05:26.935309+00:00,1.0,0.0,0.0,1.0,0.0,0.0,0.0,0.0
2026-09-29T05:19:19.814251+00:00,1.0,0.0,0.0,1.0,0.0,0.0,0.0,0.0
2026-09-29T05:34:36.739294+00:00,1.0,0.0,0.0,1.0,0.0,0.0,0.0,0.0
2026-09-29T05:49:32.100968+00:00,1.0,0.0,0.0,1.0,0.0,0.0,0.0,0.0
2026-09-29T06:04:52.135516+00:00,1.0,0.0,0.0,1.0,0.0,0.0,0.0,0.0
2026-09-29T06:20:32.594459+00:00,1.0,0.0,0.0,1.0,0.0,0.0,0.0,0.0
2026-09-29T06:34:22.317003+00:00,1.0,0.0,0.0,1.0,0.0,0.0,0.0,0.0
2026-09-29T06:49:25.107709+00:00,1.0,0.0,0.0,1.0,0.0,0.0,0.0,0.0
2026-09-29T07:05:02.272649+00:00,1.0,0.0,0.0,1.0,0.0,0.0,0.0,0.0
2026-09-29T07:19:55.868592+00:00,1.0,0.0,0.0,1.0,0.0,0.0,0.0,0.0
2026-09-29T07:34:32.623230+00:00,1.0,0.0,0.0,1.0,0.0,0.0,0.0,0.0
2026-09-29T07:48:43.259726+00:00,1.0,0.0,0.0,1.0,0.0,0.0,0.0,0.0
2026-09-29T08:05:37.570764+00:00,1.0,0.0,0.0,1.0,0.0,0.0,0.0,0.0
2026-09-29T08:19:57.128465+00:00,1.0,0.0,0.0,1.0,0.0,0.0,0.0,0.0
2026-09-29T08:34:41.986314+00:00,1.0,0.0,0.0,1.0,0.0,0.0,0.0,0.0
2026-09-29T08:48:55.141799+00:00,1.0,0.0,0.0,1.0,0.0,0.0,0.0,0.0
2026-09-29T09:04:13.652913+00:00,1.0,0.0,0.0,1.0,0.0,0.0,0.0,0.0
2026-09-29T09:19:36.500498+00:00,1.0,0.0,0.0,1.0,0.0,0.0,0.0,0.0
2026-09-29T09:34:20.462220+00:00,1.0,0.0,0.0,1.0,0.0,0.0,0.0,0.0
2026-09-29T09:48:59.136768+00:00,1.0,0.0,0.0,1.0,0.0,0.0,0.0,0.0
2026-09-29T10:04:59.932226+00:00,1.0,0.0,0.0,1.0,0.0,0.0,0.0,0.0
2026-09-29T10:19:33.994841+00:00,1.0,0.0,0.0,1.0,0.0,0.0,0.0,0.0
2026-09-29T10:34:32.627159+00:00,1.0,0.0,0.0,1.0,0.0,0.0,0.0,0.0
2026-09-29T10:49:35.757351+00:00,1.0,0.0,0.0,1.0,0.0,0.0,0.0,0.0
2026-09-29T11:05:08.613606+00:00,1.0,0.0,0.0,1.0,0.0,0.0,0.0,0.0
2026-09-29T11:19:58.768295+00:00,1.0,0.0,0.0,1.0,0.0,0.0,0.0,0.0
2026-09-29T11:34:14.257476+00:00,1.0,0.0,0.0,1.0,0.0,0.0,0.0,0.0
2026-09-29T11:49:21.038124+00:00,1.0,0.0,0.0,1.0,0.0,0.0,0.0,0.0
2026-09-29T12:05:06.022325+00:00,1.0,0.0,0.0,1.0,0.0,0.0,0.0,0.0
2026-09-29T12:20:23.798949+00:00,1.0,0.0,0.0,1.0,0.0,0.0,0.0,0.0
2026-09-29T12:35:06.715787+00:00,1.0,0.0,0.0,1.0,0.0,0.0,0.0,0.0
2026-09-29T12:50:08.428226+00:00,1.0,0.0,0.0,1.0,0.0,0.0,0.0,0.0
2026-09-29T13:05:22.090343+00:00,1.0,0.0,0.0,1.0,0.0,0.0,0.0,0.0
2026-09-29T13:20:10.759759+00:00,1.0,0.0,0.0,1.0,0.0,0.0,0.0,0.0
2026-09-29T13:34:22.968230+00:00,1.0,0.0,0.0,1.0,0.0,0.0,0.0,0.0
2026-09-29T13:49:07.831005+00:00,1.0,0.0,0.0,1.0,0.0,0.0,0.0,0.0
2026-09-29T15:05:16.687788+00:00,1.0,0.0,0.0,1.0,0.0,0.0,0.0,0.0
2026-09-29T15:11:55.136294+00:00,1.0,0.0,0.0,1.0,0.0,0.0,0.0,0.0
2026-09-29T15:18:14.345889+00:00,1.0,0.0,0.0,1.0,0.0,0.0,0.0,0.0
2026-09-29T15:20:07.863869+00:00,1.0,0.0,0.0,1.0,0.0,0.0,0.0,0.0
2026-09-29T15:36:41.267557+00:00,1.0,0.0,0.0,1.0,0.0,0.0,0.0,0.0
2026-09-29T15:48:56.722087+00:00,1.0,0.0,0.0,1.0,0.0,0.0,0.0,0.0
2026-09-29T16:04:55.564372+00:00,1.0,0.0,0.0,1.0,0.0,0.0,0.0,0.0
2026-09-29T16:19:30.466723+00:00,1.0,0.0,0.0,1.0,0.0,0.0,0.0,0.0
2026-09-29T16:35:14.092904+00:00,1.0,0.0,0.0,1.0,0.0,0.0,0.0,0.0
2026-09-29T16:48:54.442409+00:00,1.0,0.0,0.0,1.0,0.0,0.0,0.0,0.0
2026-09-29T17:04:38.989091+00:00,1.0,0.0,0.0,1.0,0.0,0.0,0.0,0.0
2026-09-29T17:19:36.935817+00:00,1.0,0.0,0.0,1.0,0.0,0.0,0.0,0.0
2026-09-29T17:33:50.457890+00:00,1.0,0.0,0.0,1.0,0.0,0.0,0.0,0.0
2026-09-29T17:48:45.375166+00:00,1.0,0.0,0.0,1.0,0.0,0.0,0.0,0.0
2026-09-29T18:04:14.116415+00:00,1.0,0.0,0.0,1.0,0.0,0.0,0.0,0.0
2026-09-29T18:19:20.014166+00:00,1.0,0.0,0.0,1.0,0.0,0.0,0.0,0.0
2026-09-29T18:34:18.293128+00:00,1.0,0.0,0.0,1.0,0.0,0.0,0.0,0.0
2026-09-29T18:49:32.905431+00:00,1.0,0.0,0.0,1.0,0.0,0.0,0.0,0.0
2026-09-29T19:04:06.168575+00:00,1.0,0.0,0.0,1.0,0.0,0.0,0.0,0.0
2026-09-29T19:19:07.049768+00:00,1.0,0.0,0.0,1.0,0.0,0.0,0.0,0.0
2026-09-29T19:34:08.695897+00:00,1.0,0.0,0.0,1.0,0.0,0.0,0.0,0.0
2026-09-29T19:50:10.369951+00:00,1.0,0.0,0.0,1.0,0.0,0.0,0.0,0.0
2026-09-29T20:04:16.744987+00:00,1.0,0.0,0.0,1.0,0.0,0.0,0.0,0.0
2026-09-29T20:20:09.388948+00:00,1.0,0.0,0.0,1.0,0.0,0.0,0.0,0.0
2026-09-29T20:34:12.615247+00:00,1.0,0.0,0.0,1.0,0.0,0.0,0.0,0.0
2026-09-29T20:49:01.047192+00:00,1.0,0.0,0.0,1.0,0.0,0.0,0.0,0.0
2026-09-29T21:04:15.242766+00:00,1.0,0.0,0.0,1.0,0.0,0.0,0.0,0.0
2026-09-29T21:19:34.150850+00:00,1.0,0.0,0.0,1.0,0.0,0.0,0.0,0.0
2026-09-29T21:33:48.789053+00:00,1.0,0.0,0.0,1.0,0.0,0.0,0.0,0.0
2026-09-29T21:49:31.772132+00:00,1.0,0.0,0.0,1.0,0.0,0.0,0.0,0.0
2026-09-29T22:05:30.248762+00:00,1.0,0.0,0.0,1.0,0.0,0.0,0.0,0.0
2026-09-29T22:18:51.330408+00:00,1.0,0.0,0.0,1.0,0.0,0.0,0.0,0.0
2026-09-29T22:34:14.275572+00:00,1.0,0.0,0.0,1.0,0.0,0.0,0.0,0.0
2026-09-29T22:49:13.444794+00:00,1.0,0.0,0.0,1.0,0.0,0.0,0.0,0.0
2026-09-29T23:05:21.137371+00:00,1.0,0.0,0.0,1.0,0.0,0.0,0.0,0.0
2026-09-29T23:19:39.978889+00:00,1.0,0.0,0.0,1.0,0.0,0.0,0.0,0.0
2026-09-29T23:34:42.792206+00:00,1.0,0.0,0.0,1.0,0.0,0.0,0.0,0.0
2026-09-29T23:49:15.040387+00:00,1.0,0.0,0.0,1.0,0.0,0.0,0.0,0.0
2026-09-30T00:04:35.110107+00:00,1.0,0.0,0.0,1.0,0.0,0.0,0.0,0.0
2026-09-30T00:19:31.346814+00:00,1.0,0.0,0.0,1.0,0.0,0.0,0.0,0.0
2026-09-30T00:34:34.604354+00:00,1.0,0.0,0.0,1.0,0.0,0.0,0.0,0.0
2026-09-30T00:49:10.568316+00:00,1.0,0.0,0.0,1.0,0.0,0.0,0.0,0.0
2026-09-30T01:04:10.772906+00:00,1.0,0.0,0.0,1.0,0.0,0.0,0.0,0.0
2026-09-30T01:19:33.111774+00:00,1.0,0.0,0.0,1.0,0.0,0.0,0.0,0.0
2026-09-30T01:34:23.079240+00:00,1.0,0.0,0.0,1.0,0.0,0.0,0.0,0.0
2026-09-30T01:49:15.697340+00:00,1.0,0.0,0.0,1.0,0.0,0.0,0.0,0.0
2026-09-30T02:05:19.700249+00:00,1.0,0.0,0.0,1.0,0.0,0.0,0.0,0.0
2026-09-30T02:19:31.715631+00:00,1.0,0.0,0.0,1.0,0.0,0.0,0.0,0.0
2026-09-30T02:33:58.795750+00:00,1.0,0.0,0.0,1.0,0.0,0.0,0.0,0.0
2026-09-30T02:49:11.331579+00:00,1.0,0.0,0.0,1.0,0.0,0.0,0.0,0.0
2026-09-30T03:04:22.125741+00:00,1.0,0.0,0.0,1.0,0.0,0.0,0.0,0.0
2026-09-30T03:19:25.869279+00:00,1.0,0.0,0.0,1.0,0.0,0.0,0.0,0.0
2026-09-30T03:34:06.129031+00:00,1.0,0.0,0.0,1.0,0.0,0.0,0.0,0.0
2026-09-30T03:49:23.273893+00:00,1.0,0.0,0.0,1.0,0.0,0.0,0.0,0.0
2026-09-30T04:04:38.980405+00:00,1.0,0.0,0.0,1.0,0.0,0.0,0.0,0.0
2026-09-30T04:19:56.634716+00:00,1.0,0.0,0.0,1.0,0.0,0.0,0.0,0.0
2026-09-30T04:34:32.720619+00:00,1.0,0.0,0.0,1.0,0.0,0.0,0.0,0.0
2026-09-30T04:49:00.314266+00:00,1.0,0.0,0.0,1.0,0.0,0.0,0.0,0.0
2026-09-30T05:04:29.608355+00:00,1.0,0.0,0.0,1.0,0.0,0.0,0.0,0.0
2026-09-30T05:19:16.225677+00:00,1.0,0.0,0.0,1.0,0.0,0.0,0.0,0.0
2026-09-30T05:34:22.682688+00:00,1.0,0.0,0.0,1.0,0.0,0.0,0.0,0.0
2026-09-30T05:49:36.611636+00:00,1.0,0.0,0.0,1.0,0.0,0.0,0.0,0.0
2026-09-30T06:05:07.909310+00:00,1.0,0.0,0.0,1.0,0.0,0.0,0.0,0.0
2026-09-30T06:19:45.164245+00:00,1.0,0.0,0.0,1.0,0.0,0.0,0.0,0.0
2026-09-30T06:34:08.423551+00:00,1.0,0.0,0.0,1.0,0.0,0.0,0.0,0.0
2026-09-30T06:49:32.360292+00:00,1.0,0.0,0.0,1.0,0.0,0.0,0.0,0.0
2026-09-30T07:05:03.663721+00:00,1.0,0.0,0.0,1.0,0.0,0.0,0.0,0.0
2026-09-30T07:19:29.534020+00:00,1.0,0.0,0.0,1.0,0.0,0.0,0.0,0.0
2026-09-30T07:34:50.167541+00:00,1.0,0.0,0.0,1.0,0.0,0.0,0.0,0.0
2026-09-30T07:49:30.525584+00:00,1.0,0.0,0.0,1.0,0.0,0.0,0.0,0.0
2026-09-30T08:04:28.064451+00:00,1.0,0.0,0.0,1.0,0.0,0.0,0.0,0.0
2026-09-30T08:19:13.158294+00:00,1.0,0.0,0.0,1.0,0.0,0.0,0.0,0.0
2026-09-30T08:34:10.385091+00:00,1.0,0.0,0.0,1.0,0.0,0.0,0.0,0.0
2026-09-30T08:49:18.220183+00:00,1.0,0.0,0.0,1.0,0.0,0.0,0.0,0.0
2026-09-30T09:04:37.392886+00:00,1.0,0.0,0.0,1.0,0.0,0.0,0.0,0.0
2026-09-30T09:18:55.944468+00:00,1.0,0.0,0.0,1.0,0.0,0.0,0.0,0.0
2026-09-30T09:34:06.502639+00:00,1.0,0.0,0.0,1.0,0.0,0.0,0.0,0.0
2026-09-30T09:48:46.508748+00:00,1.0,0.0,0.0,1.0,0.0,0.0,0.0,0.0
2026-09-30T10:04:47.787999+00:00,1.0,0.0,0.0,1.0,0.0,0.0,0.0,0.0
2026-09-30T10:19:39.305134+00:00,1.0,0.0,0.0,1.0,0.0,0.0,0.0,0.0
2026-09-30T10:49:21.073939+00:00,1.0,0.0,0.0,1.0,0.0,0.0,0.0,0.0
2026-09-30T11:04:48.745066+00:00,1.0,0.0,0.0,1.0,0.0,0.0,0.0,0.0
2026-09-30T11:20:20.573176+00:00,1.0,0.0,0.0,1.0,0.0,0.0,0.0,0.0
2026-09-30T11:34:03.147288+00:00,1.0,0.0,0.0,1.0,0.0,0.0,0.0,0.0
2026-09-30T11:49:30.761951+00:00,1.0,0.0,0.0,1.0,0.0,0.0,0.0,0.0
2026-09-30T12:05:09.807491+00:00,1.0,0.0,0.0,1.0,0.0,0.0,0.0,0.0
2026-09-30T12:21:10.579669+00:00,1.0,0.0,0.0,1.0,0.0,0.0,0.0,0.0
2026-09-30T12:34:18.095580+00:00,1.0,0.0,0.0,1.0,0.0,0.0,0.0,0.0
2026-09-30T12:49:42.609952+00:00,1.0,0.0,0.0,1.0,0.0,0.0,0.0,0.0
2026-09-30T13:04:54.086084+00:00,1.0,0.0,0.0,1.0,0.0,0.0,0.0,0.0
2026-09-30T13:20:16.040463+00:00,1.0,0.0,0.0,1.0,0.0,0.0,0.0,0.0
2026-09-30T13:34:24.635582+00:00,1.0,0.0,0.0,1.0,0.0,0.0,0.0,0.0
2026-09-30T13:49:24.579709+00:00,1.0,0.0,0.0,1.0,0.0,0.0,0.0,0.0
2026-09-30T14:05:24.147234+00:00,1.0,0.0,0.0,1.0,0.0,0.0,0.0,0.0
2026-09-30T14:20:15.556733+00:00,1.0,0.0,0.0,1.0,0.0,0.0,0.0,0.0
2026-09-30T14:35:19.183717+00:00,1.0,0.0,0.0,1.0,0.0,0.0,0.0,0.0
2026-09-30T14:49:06.054774+00:00,1.0,0.0,0.0,1.0,0.0,0.0,0.0,0.0
2026-09-30T15:04:53.498630+00:00,1.0,0.0,0.0,1.0,0.0,0.0,0.0,0.0
2026-09-30T15:19:59.453588+00:00,1.0,0.0,0.0,1.0,0.0,0.0,0.0,0.0
2026-09-30T15:34:09.079681+00:00,1.0,0.0,0.0,1.0,0.0,0.0,0.0,0.0
2026-09-30T15:49:27.927035+00:00,1.0,0.0,0.0,1.0,0.0,0.0,0.0,0.0
2026-09-30T16:04:32.758681+00:00,1.0,0.0,0.0,1.0,0.0,0.0,0.0,0.0
2026-09-30T16:19:40.893619+00:00,1.0,0.0,0.0,1.0,0.0,0.0,0.0,0.0
2026-09-30T16:34:41.650467+00:00,1.0,0.0,0.0,1.0,0.0,0.0,0.0,0.0
2026-09-30T16:49:27.234104+00:00,1.0,0.0,0.0,1.0,0.0,0.0,0.0,0.0
2026-09-30T17:04:33.377686+00:00,1.0,0.0,0.0,1.0,0.0,0.0,0.0,0.0
2026-09-30T17:19:12.304775+00:00,1.0,0.0,0.0,1.0,0.0,0.0,0.0,0.0
2026-09-30T17:34:13.360783+00:00,1.0,0.0,0.0,1.0,0.0,0.0,0.0,0.0
2026-09-30T17:48:51.509869+00:00,1.0,0.0,0.0,1.0,0.0,0.0,0.0,0.0
2026-09-30T18:04:17.971097+00:00,1.0,0.0,0.0,0.0,0.0,0.0,0.0,0.0
2026-09-30T18:19:19.706223+00:00,1.0,271.0,50.0,0.0,50.0,0.0,0.0,271.0
2026-09-30T18:34:23.873055+00:00,1.0,141.0,25.0,1.0,25.0,0.0,78.0,62.0
2026-09-30T18:50:07.852090+00:00,2.0,205.0,40.0,2.0,40.0,0.0,78.0,62.0
2026-09-30T19:04:30.797325+00:00,2.0,205.0,40.0,2.0,40.0,0.0,78.0,62.0
2026-09-30T19:19:02.498192+00:00,4.0,459.0,89.0,4.0,87.0,0.0,243.0,221.0
2026-09-30T19:33:50.874903+00:00,5.0,459.0,86.0,5.0,86.0,0.0,238.0,212.0
2026-09-30T19:48:52.261049+00:00,7.0,369.0,71.0,7.0,71.0,0.0,59.0,315.0
2026-09-30T20:05:01.436670+00:00,8.0,512.0,88.0,8.0,88.0,0.0,211.0,297.0
2026-09-30T20:19:51.445988+00:00,8.0,512.0,88.0,9.0,79.0,0.0,211.0,297.0
2026-09-30T20:34:37.395055+00:00,8.0,512.0,88.0,10.0,68.0,0.0,211.0,297.0
2026-09-30T20:49:09.680217+00:00,8.0,512.0,88.0,11.0,51.0,0.0,211.0,297.0
2026-09-30T21:04:15.308785+00:00,12.0,191.0,36.0,11.0,36.0,0.0,90.0,94.0
2026-09-30T21:18:59.953024+00:00,12.0,191.0,36.0,11.0,36.0,0.0,90.0,94.0
2026-09-30T21:33:59.712576+00:00,12.0,114.0,23.0,11.0,36.0,0.0,90.0,94.0
2026-09-30T21:49:34.353963+00:00,12.0,114.0,23.0,11.0,36.0,0.0,90.0,94.0
2026-09-30T22:04:10.644674+00:00,12.0,114.0,23.0,11.0,36.0,0.0,90.0,94.0
2026-09-30T22:19:31.413573+00:00,12.0,114.0,23.0,11.0,36.0,0.0,90.0,94.0
2026-09-30T22:33:58.539967+00:00,12.0,114.0,23.0,12.0,0.0,0.0,90.0,94.0
2026-09-30T22:48:54.804907+00:00,12.0,114.0,23.0,12.0,0.0,0.0,90.0,94.0
2026-09-30T23:04:38.564674+00:00,12.0,114.0,23.0,12.0,0.0,0.0,90.0,94.0
2026-09-30T23:18:57.450524+00:00,12.0,114.0,23.0,12.0,0.0,0.0,90.0,94.0
2026-09-30T23:34:25.535330+00:00,12.0,114.0,23.0,12.0,0.0,0.0,90.0,94.0
2026-09-30T23:48:58.993273+00:00,12.0,114.0,23.0,12.0,0.0,0.0,90.0,94.0
2026-10-01T00:04:45.540156+00:00,12.0,114.0,23.0,12.0,0.0,0.0,90.0,94.0
2026-10-01T00:18:54.112433+00:00,12.0,0.0,0.0,12.0,0.0,0.0,90.0,94.0
2026-10-01T00:33:53.423501+00:00,12.0,0.0,0.0,12.0,0.0,0.0,90.0,94.0
2026-10-01T00:49:30.889520+00:00,12.0,0.0,0.0,12.0,0.0,0.0,90.0,94.0
2026-10-01T01:04:38.015570+00:00,12.0,0.0,0.0,12.0,0.0,0.0,0.0,0.0
2026-10-01T01:19:13.637330+00:00,12.0,0.0,0.0,12.0,0.0,0.0,0.0,0.0
2026-10-01T01:33:52.810526+00:00,12.0,0.0,0.0,12.0,0.0,0.0,0.0,0.0
2026-10-01T01:49:14.912794+00:00,12.0,0.0,0.0,12.0,0.0,0.0,0.0,0.0
2026-10-01T02:04:02.560686+00:00,12.0,0.0,0.0,12.0,0.0,0.0,0.0,0.0
2026-10-01T02:19:15.448376+00:00,12.0,0.0,0.0,12.0,0.0,0.0,0.0,0.0
2026-10-01T02:34:22.521581+00:00,12.0,0.0,0.0,11.0,0.0,0.0,0.0,0.0
2026-10-01T02:48:59.095134+00:00,12.0,0.0,0.0,11.0,0.0,0.0,0.0,0.0
2026-10-01T03:04:40.836878+00:00,12.0,0.0,0.0,11.0,0.0,0.0,0.0,0.0
2026-10-01T03:18:41.633326+00:00,12.0,0.0,0.0,11.0,0.0,0.0,0.0,0.0
2026-10-01T03:34:06.371335+00:00,12.0,0.0,0.0,11.0,0.0,0.0,0.0,0.0
2026-10-01T03:49:39.857215+00:00,12.0,0.0,0.0,11.0,0.0,0.0,0.0,0.0
2026-10-01T04:04:08.585121+00:00,12.0,0.0,0.0,11.0,0.0,0.0,0.0,0.0
2026-10-01T04:19:06.631730+00:00,12.0,0.0,0.0,11.0,0.0,0.0,0.0,0.0
2026-10-01T04:34:39.375843+00:00,12.0,0.0,0.0,11.0,0.0,0.0,0.0,0.0
2026-10-01T04:49:24.548076+00:00,12.0,0.0,0.0,11.0,0.0,0.0,0.0,0.0
2026-10-01T05:06:01.705274+00:00,12.0,0.0,0.0,11.0,0.0,0.0,0.0,0.0
2026-10-01T05:18:58.434716+00:00,12.0,0.0,0.0,11.0,0.0,0.0,0.0,0.0
2026-10-01T05:34:13.912312+00:00,12.0,0.0,0.0,11.0,0.0,0.0,0.0,0.0
2026-10-01T05:49:10.597159+00:00,12.0,0.0,0.0,11.0,0.0,0.0,0.0,0.0
2026-10-01T06:04:49.382531+00:00,12.0,0.0,0.0,11.0,0.0,0.0,0.0,0.0
2026-10-01T06:20:08.237623+00:00,12.0,0.0,0.0,11.0,0.0,0.0,0.0,0.0
2026-10-01T06:34:08.068593+00:00,12.0,0.0,0.0,11.0,0.0,0.0,0.0,0.0
2026-10-01T06:51:31.802404+00:00,12.0,0.0,0.0,11.0,0.0,0.0,0.0,0.0
2026-10-01T07:05:00.201141+00:00,12.0,0.0,0.0,11.0,0.0,0.0,0.0,0.0
2026-10-01T07:20:02.124108+00:00,12.0,0.0,0.0,11.0,0.0,0.0,0.0,0.0
2026-10-01T07:34:32.544698+00:00,12.0,0.0,0.0,11.0,0.0,0.0,0.0,0.0
2026-10-01T07:50:40.364381+00:00,12.0,0.0,0.0,11.0,0.0,0.0,0.0,0.0
2026-10-01T08:04:52.687746+00:00,12.0,0.0,0.0,11.0,0.0,0.0,0.0,0.0
2026-10-01T08:19:42.202294+00:00,12.0,0.0,0.0,11.0,0.0,0.0,0.0,0.0
2026-10-01T08:34:36.079714+00:00,12.0,0.0,0.0,11.0,0.0,0.0,0.0,0.0
2026-10-01T08:49:10.285763+00:00,12.0,0.0,0.0,11.0,0.0,0.0,0.0,0.0
2026-10-01T09:04:16.006547+00:00,12.0,0.0,0.0,11.0,0.0,0.0,0.0,0.0
2026-10-01T09:18:54.701889+00:00,12.0,0.0,0.0,11.0,0.0,0.0,0.0,0.0
2026-10-01T09:33:52.541081+00:00,12.0,0.0,0.0,11.0,0.0,0.0,0.0,0.0
2026-10-01T09:48:55.766249+00:00,12.0,0.0,0.0,11.0,0.0,0.0,0.0,0.0
2026-10-01T10:04:24.096687+00:00,12.0,0.0,0.0,11.0,0.0,0.0,0.0,0.0
2026-10-01T10:19:31.572316+00:00,12.0,0.0,0.0,11.0,0.0,0.0,0.0,0.0
2026-10-01T10:34:35.879555+00:00,12.0,0.0,0.0,11.0,0.0,0.0,0.0,0.0
2026-10-01T10:49:24.907280+00:00,12.0,0.0,0.0,11.0,0.0,0.0,0.0,0.0
2026-10-01T11:04:51.752507+00:00,12.0,0.0,0.0,11.0,0.0,0.0,0.0,0.0
2026-10-01T11:20:12.234395+00:00,12.0,0.0,0.0,11.0,0.0,0.0,0.0,0.0
2026-10-01T11:34:20.510356+00:00,12.0,0.0,0.0,11.0,0.0,0.0,0.0,0.0
2026-10-01T11:49:30.800977+00:00,12.0,0.0,0.0,11.0,0.0,0.0,0.0,0.0
2026-10-01T12:05:04.386792+00:00,12.0,0.0,0.0,11.0,0.0,0.0,0.0,0.0
2026-10-01T12:20:14.212727+00:00,12.0,0.0,0.0,11.0,0.0,0.0,0.0,0.0
2026-10-01T12:34:06.700059+00:00,12.0,0.0,0.0,11.0,0.0,0.0,0.0,0.0
2026-10-01T12:49:53.553069+00:00,12.0,0.0,0.0,11.0,0.0,0.0,0.0,0.0
2026-10-01T13:06:13.262672+00:00,12.0,0.0,0.0,11.0,0.0,0.0,0.0,0.0
2026-10-01T13:20:00.656037+00:00,12.0,0.0,0.0,11.0,0.0,0.0,0.0,0.0
2026-10-01T13:34:48.920071+00:00,12.0,0.0,0.0,11.0,0.0,0.0,0.0,0.0
2026-10-01T13:48:59.991766+00:00,12.0,0.0,0.0,11.0,0.0,0.0,0.0,0.0
2026-10-01T14:05:08.441114+00:00,12.0,0.0,0.0,11.0,0.0,0.0,0.0,0.0
2026-10-01T14:20:24.971000+00:00,12.0,0.0,0.0,11.0,0.0,0.0,0.0,0.0
2026-10-01T14:34:09.225095+00:00,12.0,0.0,0.0,11.0,0.0,0.0,0.0,0.0
2026-10-01T14:49:12.415878+00:00,12.0,0.0,0.0,11.0,0.0,0.0,0.0,0.0
2026-10-01T15:04:47.756344+00:00,12.0,0.0,0.0,11.0,0.0,0.0,0.0,0.0
2026-10-01T15:19:14.214637+00:00,12.0,119.0,0.0,11.0,0.0,0.0,0.0,0.0
2026-10-01T15:34:24.104544+00:00,12.0,202.0,33.0,11.0,33.0,0.0,0.0,0.0
2026-10-01T15:49:04.866740+00:00,12.0,202.0,33.0,11.0,33.0,0.0,0.0,0.0
2026-10-01T16:04:25.241513+00:00,13.0,335.0,58.0,13.0,58.0,0.0,87.0,244.0
2026-10-01T16:19:30.514562+00:00,14.0,407.0,81.0,14.0,82.0,0.0,87.0,244.0
2026-10-01T16:34:43.846803+00:00,14.0,407.0,81.0,15.0,89.0,0.0,87.0,244.0
2026-10-01T16:49:09.547503+00:00,14.0,407.0,81.0,16.0,89.0,0.0,87.0,244.0
2026-10-01T17:04:09.014058+00:00,14.0,407.0,81.0,17.0,102.0,0.0,87.0,244.0
2026-10-01T17:19:04.856356+00:00,14.0,407.0,81.0,17.0,102.0,0.0,87.0,244.0
2026-10-01T17:34:39.082038+00:00,14.0,407.0,81.0,20.0,98.0,0.0,87.0,244.0
2026-10-01T17:49:14.529672+00:00,14.0,407.0,81.0,20.0,98.0,0.0,87.0,244.0
