timestamp,soc_percent,watts_in,watts_out,extra_battery_soc_percent,extra_battery_watts_in,extra_battery_watts_out,pv1_watts,pv2_watts
2026-09-20T16:11:47.954805+00:00,,598.0,249.0,,,,,
2026-09-20T16:16:57.020402+00:00,68.0,598.0,249.0,,,,,
2026-09-20T16:35:43.598114+00:00,68.0,598.0,249.0,,,,,
2026-09-20T16:46:40.965687+00:00,68.0,598.0,249.0,,,,,
2026-09-20T17:18:38.118903+00:00,68.0,598.0,249.0,,,,,
2026-09-20T18:27:21.647057+00:00,89.0,997.0,326.0,,,,,
2026-09-20T18:36:37.026663+00:00,90.0,997.0,326.0,63.0,160.0,0.0,,
2026-09-20T18:55:29.462391+00:00,90.0,997.0,326.0,63.0,160.0,0.0,,
2026-09-20T19:05:53.967994+00:00,90.0,901.0,319.0,63.0,160.0,0.0,,
2026-09-20T19:17:36.675928+00:00,94.0,919.0,315.0,63.0,160.0,0.0,500.0,417.0
2026-09-20T19:43:38.616599+00:00,96.0,879.0,306.0,63.0,160.0,0.0,500.0,344.0
2026-09-20T20:27:22.437295+00:00,96.0,879.0,306.0,63.0,160.0,0.0,500.0,344.0
2026-09-20T20:32:00.680481+00:00,96.0,879.0,306.0,63.0,160.0,0.0,500.0,344.0
2026-09-20T21:56:05.114117+00:00,100.0,0.0,169.0,63.0,160.0,0.0,0.0,0.0
2026-09-20T23:32:12.803776+00:00,100.0,0.0,169.0,100.0,0.0,0.0,0.0,0.0
2026-09-20T23:33:45.161134+00:00,100.0,0.0,169.0,100.0,0.0,0.0,0.0,0.0
2026-09-21T00:19:03.880669+00:00,100.0,0.0,169.0,100.0,0.0,0.0,0.0,0.0
2026-09-21T02:05:32.514327+00:00,100.0,0.0,164.0,100.0,0.0,0.0,0.0,0.0
2026-09-21T05:05:00.242540+00:00,100.0,0.0,165.0,100.0,0.0,0.0,0.0,0.0
2026-09-21T10:36:53.186330+00:00,87.0,84.0,162.0,100.0,0.0,0.0,0.0,0.0
2026-09-21T16:34:34.903163+00:00,75.0,302.0,162.0,84.0,67.0,0.0,164.0,136.0
2026-09-21T20:31:28.035386+00:00,87.0,184.0,167.0,88.0,0.0,0.0,101.0,78.0
2026-09-21T23:29:52.247063+00:00,86.0,71.0,162.0,86.0,0.0,29.0,0.0,0.0
2026-09-22T01:43:40.226527+00:00,83.0,34.0,162.0,81.0,0.0,44.0,0.0,0.0
2026-09-22T06:48:01.321551+00:00,71.0,71.0,167.0,68.0,0.0,76.0,0.0,0.0
2026-09-22T12:04:33.692531+00:00,52.0,48.0,168.0,56.0,0.0,36.0,0.0,0.0
2026-09-22T16:48:50.058986+00:00,53.0,372.0,144.0,51.0,34.0,0.0,184.0,149.0
2026-09-22T19:54:44.074628+00:00,53.0,72.0,101.0,51.0,0.0,0.0,38.0,31.0
2026-09-22T22:26:57.643675+00:00,50.0,23.0,101.0,46.0,0.0,23.0,0.0,0.0
2026-09-23T00:47:50.086020+00:00,50.0,23.0,101.0,42.0,0.0,26.0,0.0,0.0
2026-09-23T05:14:57.349269+00:00,39.0,20.0,101.0,27.0,0.0,35.0,0.0,0.0
2026-09-23T09:59:29.486909+00:00,22.0,23.0,100.0,21.0,0.0,23.0,0.0,0.0
2026-09-23T14:42:53.884346+00:00,18.0,0.0,101.0,19.0,0.0,21.0,0.0,0.0
2026-09-23T18:38:33.713552+00:00,17.0,29.0,96.0,15.0,0.0,0.0,45.0,37.0
2026-09-23T21:45:33.264896+00:00,15.0,22.0,97.0,14.0,0.0,21.0,0.0,0.0
2026-09-23T23:58:43.757656+00:00,14.0,26.0,97.0,14.0,0.0,21.0,0.0,0.0
2026-09-24T03:02:59.465803+00:00,11.0,28.0,97.0,10.0,0.0,29.0,0.0,0.0
2026-09-24T08:21:19.433152+00:00,9.0,0.0,0.0,5.0,0.0,29.0,0.0,0.0
2026-09-24T09:08:22.357428+00:00,5.0,0.0,0.0,4.0,0.0,0.0,0.0,0.0
2026-09-24T14:12:38.558612+00:00,5.0,127.0,18.0,4.0,15.0,0.0,73.0,58.0
2026-09-24T18:27:19.102532+00:00,7.0,48.0,0.0,7.0,0.0,0.0,51.0,42.0
2026-09-24T21:44:06.692214+00:00,8.0,25.0,0.0,7.0,0.0,0.0,14.0,11.0
2026-09-25T00:03:18.584464+00:00,7.0,0.0,0.0,7.0,0.0,0.0,0.0,0.0
2026-09-25T04:49:54.617236+00:00,7.0,0.0,0.0,7.0,0.0,0.0,0.0,0.0
2026-09-25T09:53:34.474362+00:00,7.0,0.0,0.0,6.0,0.0,0.0,0.0,0.0
2026-09-25T14:59:14.308648+00:00,7.0,91.0,0.0,7.0,27.0,0.0,72.0,59.0
2026-09-25T19:13:00.919293+00:00,19.0,286.0,55.0,20.0,53.0,0.0,164.0,119.0
2026-09-25T22:26:16.922150+00:00,31.0,194.0,35.0,29.0,47.0,0.0,157.0,91.0
2026-09-26T00:47:43.990691+00:00,31.0,0.0,0.0,30.0,0.0,0.0,0.0,0.0
2026-09-26T05:37:07.346332+00:00,31.0,0.0,0.0,30.0,0.0,0.0,0.0,0.0
2026-09-26T10:15:55.128789+00:00,31.0,0.0,0.0,30.0,0.0,0.0,0.0,0.0
2026-09-26T14:34:23.540690+00:00,34.0,328.0,58.0,33.0,58.0,0.0,243.0,88.0
2026-09-26T18:00:32.851241+00:00,40.0,265.0,44.0,40.0,34.0,0.0,143.0,55.0
2026-09-26T21:02:47.930732+00:00,46.0,61.0,0.0,45.0,25.0,0.0,81.0,70.0
2026-09-26T23:33:05.250572+00:00,46.0,21.0,0.0,45.0,0.0,0.0,30.0,16.0
2026-09-27T01:45:19.723759+00:00,46.0,0.0,0.0,45.0,0.0,0.0,0.0,0.0
2026-09-27T07:11:10.319893+00:00,44.0,24.0,101.0,45.0,0.0,26.0,0.0,0.0
2026-09-27T13:04:36.049304+00:00,31.0,143.0,101.0,37.0,0.0,25.0,0.0,0.0
2026-09-27T17:42:57.690418+00:00,42.0,499.0,176.0,42.0,68.0,0.0,327.0,188.0
2026-09-27T20:28:02.682291+00:00,45.0,48.0,96.0,45.0,0.0,0.0,31.0,19.0
2026-09-27T23:20:00.982436+00:00,44.0,53.0,97.0,42.0,0.0,20.0,0.0,0.0
2026-09-28T01:48:08.829568+00:00,39.0,25.0,102.0,42.0,0.0,20.0,0.0,0.0
2026-09-28T07:46:37.932148+00:00,31.0,25.0,96.0,31.0,0.0,25.0,0.0,0.0
2026-09-28T16:05:55.527519+00:00,25.0,514.0,165.0,26.0,48.0,0.0,257.0,222.0
2026-09-28T21:57:13.137112+00:00,45.0,208.0,145.0,47.0,0.0,0.0,111.0,94.0
2026-09-29T01:44:43.562262+00:00,45.0,27.0,101.0,42.0,0.0,25.0,111.0,94.0
2026-09-29T07:32:54.947266+00:00,37.0,26.0,106.0,37.0,0.0,23.0,0.0,0.0
2026-09-29T14:19:46.918592+00:00,30.0,439.0,65.0,28.0,0.0,0.0,0.0,0.0
2026-09-29T19:30:28.092743+00:00,35.0,507.0,168.0,38.0,89.0,0.0,305.0,253.0
2026-09-29T23:09:58.526691+00:00,54.0,29.0,98.0,53.0,0.0,0.0,0.0,0.0
2026-09-30T02:08:27.735170+00:00,51.0,0.0,0.0,53.0,0.0,0.0,0.0,0.0
2026-09-30T08:33:01.495694+00:00,42.0,26.0,107.0,41.0,0.0,25.0,0.0,0.0
2026-09-30T15:15:38.414714+00:00,38.0,592.0,177.0,33.0,0.0,0.0,79.0,172.0
2026-09-30T20:07:33.415768+00:00,66.0,589.0,181.0,61.0,86.0,0.0,286.0,288.0
2026-09-30T23:47:09.512539+00:00,66.0,0.0,0.0,62.0,0.0,0.0,15.0,29.0
2026-10-01T02:30:47.231123+00:00,64.0,26.0,108.0,61.0,0.0,25.0,0.0,0.0
2026-10-01T09:23:26.488257+00:00,61.0,25.0,107.0,48.0,0.0,35.0,0.0,0.0
2026-10-01T16:37:13.021644+00:00,45.0,466.0,170.0,44.0,69.0,0.0,222.0,225.0
2026-10-01T21:21:26.845224+00:00,52.0,134.0,107.0,51.0,0.0,0.0,18.0,41.0
2026-10-02T00:58:17.915477+00:00,48.0,25.0,102.0,47.0,0.0,25.0,0.0,0.0
2026-10-02T06:55:58.257618+00:00,42.0,33.0,116.0,38.0,0.0,27.0,0.0,0.0
2026-10-02T13:41:45.415723+00:00,29.0,38.0,98.0,28.0,0.0,21.0,0.0,0.0
2026-10-02T18:43:29.434175+00:00,28.0,298.0,96.0,28.0,0.0,0.0,26.0,221.0
2026-10-02T22:36:11.994215+00:00,29.0,44.0,107.0,27.0,0.0,22.0,26.0,221.0
2026-10-03T01:26:00.391094+00:00,28.0,23.0,104.0,24.0,0.0,23.0,0.0,0.0
2026-10-03T06:57:22.786853+00:00,28.0,23.0,104.0,16.0,0.0,32.0,0.0,0.0
2026-10-03T12:25:41.970696+00:00,16.0,0.0,0.0,14.0,0.0,0.0,0.0,0.0
2026-10-03T16:36:26.204734+00:00,15.0,0.0,25.0,13.0,0.0,0.0,0.0,0.0
2026-10-03T19:24:07.072933+00:00,15.0,0.0,25.0,13.0,0.0,0.0,0.0,0.0
2026-10-03T22:18:39.078512+00:00,14.0,0.0,28.0,12.0,0.0,0.0,0.0,0.0
2026-10-04T01:42:50.555904+00:00,13.0,0.0,31.0,12.0,0.0,0.0,0.0,0.0
2026-10-04T07:26:09.515863+00:00,12.0,0.0,19.0,11.0,0.0,0.0,0.0,0.0
2026-10-04T13:23:41.918483+00:00,11.0,0.0,0.0,10.0,0.0,0.0,0.0,0.0
2026-10-04T17:45:00.234692+00:00,11.0,0.0,0.0,10.0,0.0,0.0,0.0,0.0
2026-10-04T20:29:32.498087+00:00,11.0,0.0,0.0,10.0,0.0,0.0,0.0,0.0
2026-10-04T23:32:46.137922+00:00,10.0,0.0,0.0,10.0,0.0,0.0,0.0,0.0
2026-10-05T02:21:14.987161+00:00,10.0,0.0,0.0,9.0,0.0,0.0,0.0,0.0
2026-10-05T09:20:14.783744+00:00,9.0,0.0,0.0,9.0,0.0,0.0,0.0,0.0
2026-10-05T18:37:07.338980+00:00,8.0,0.0,0.0,8.0,0.0,0.0,0.0,0.0
2026-10-06T00:20:04.789712+00:00,8.0,0.0,0.0,8.0,0.0,0.0,0.0,0.0
2026-10-06T06:35:59.003392+00:00,7.0,0.0,0.0,7.0,0.0,0.0,0.0,0.0
2026-10-06T13:36:57.281737+00:00,6.0,0.0,0.0,6.0,0.0,0.0,0.0,0.0
2026-10-06T19:04:30.693378+00:00,6.0,0.0,0.0,6.0,0.0,0.0,0.0,0.0
2026-10-06T22:59:58.807985+00:00,5.0,0.0,0.0,5.0,0.0,0.0,0.0,0.0
2026-10-07T02:15:24.890931+00:00,5.0,0.0,0.0,5.0,0.0,0.0,0.0,0.0
